Canonical_ID,Canonical_Work,Raw_IDs,Raw_Count,Source_Type,Review_Level,Priority_After_Review,Primary_Domain,Verified_Scope,ArchLab_Use,Cautions,Source_Locator
A-CAN-051,Characterization and Comparison of Application Resilience for Serial and Parallel Codes,K0592,1,Poster/paper,L1,A,RAS / Reliability / ECC,"Application-level bit-flip injection on serial and MPI versions of NAS CG/FT/BT; benign, SDC and crash outcomes; comparison of common and parallel-only vulnerable instruction sites; sample-count stabilization.",Workload-sensitive fault-injection campaigns and serial-vs-parallel resilience comparisons.,Preliminary poster with small process count and selected instructions; not a hardware fault-rate model.,Drive ID 1tXcIpIR1FW9yeQySkG9D_e5TVrpPVzMd
A-CAN-052,Classifying Soft Error Vulnerabilities in Extreme-Scale Scientific Applications Using a Binary Instrumentation Tool,K0618,1,Paper,L1,A,RAS / Reliability / ECC,"BIFIT object-specific and execution-point-specific bit-flip injection; transient versus hard faults; success, abort and SDC outcomes; per-data-object vulnerability classification and selective protection.",Semantic fault injection into named data objects and explicit outcome taxonomy.,Emulates application-visible bit corruption after hardware masking; does not model the complete physical fault path.,Drive ID 1FuQbe6eiKfGzbwchHloDd7ZQAgUHiQt9
A-CAN-053,Fast Fault Injection and Sensitivity Analysis for Collective Communications,K0603,1,Paper,L1,A,RAS / Reliability / ECC,FastFIT for MPI collectives; faults in collective parameters and buffers; success/application-detected/MPI-error/segfault/wrong-answer/infinite-loop outcomes; semantic and context pruning plus ML prediction.,"Collective-communication fault model, propagation experiments and campaign-space reduction.","Focuses correctness sensitivity of MPI collectives, not recovery or physical interconnect fault timing.",Drive ID 1LqmXccBz_h4ULNVN-2d5tZymt7o3GvcN
A-CAN-054,FlipTracker: Understanding Natural Error Resilience in HPC Applications,K0578,1,Paper,L1,A,RAS / Reliability / ECC,"Code-region model, dynamic data-dependency graph and alive-corrupted-location tracking; six natural-resilience computation patterns; verification success/failure/crash and propagation analysis.",Error-propagation observability and application-level masking analysis.,Natural resilience is workload and implementation dependent; it must not silently weaken architectural protection guarantees.,Drive ID 11zTnxjYUozm7fXRsspVtP8X1TBglgz55
A-CAN-055,MATCH: An MPI Fault Tolerance Benchmark Suite,K0576,1,Paper,L1,A,RAS / Reliability / ECC,"Structured comparison of MPI fault-tolerance designs using proxy applications; checkpointing with FTI and process recovery with restart, ULFM and Reinit; data-dependency analysis for checkpoint selection.","Recovery benchmark suite, checkpoint/restart state selection and overhead decomposition.","Targets fail-stop process/node failure and MPI recovery, not silent hardware corruption.",Drive ID 1yQU84wyhe8nAJN_7Iyh9Tofr7DQL9OXw
A-CAN-056,Quantitatively Modeling Application Resilience with the Data Vulnerability Factor,K0610,1,Paper,L1,A,RAS / Reliability / ECC,"DVF metric combines hardware FIT, execution time, object size and hardware-access exposure; Aspen-based analytical modeling; data-structure-level vulnerability and performance/resilience tradeoffs.",Fast analytical cross-check for detailed fault injection and AVF-style metrics.,DVF is a modeling abstraction with assumptions; it cannot replace fault-path simulation or empirical calibration.,Drive ID 1xbaIVhVIwdFckhDNGSw2wb0-TclqZHlF
A-CAN-057,Rethinking Algorithm-Based Fault Tolerance with a Cooperative Software-Hardware Approach,K0614,1,Paper,L1,A,RAS / Reliability / ECC,"Coordination of application ABFT and memory ECC; selective/relaxed ECC, error notification and software-hardware co-design; SECDED and symbol-oriented Chipkill context.",Cross-layer policy experiments where application semantics and hardware protection cooperate.,"Adaptive protection is an optional research policy, never the default correctness contract.",Drive ID 1NxLDWh5aRI7GBri4vBUzn6v_NBCt0Hpg
A-CAN-058,Understanding Ineffectiveness of the Application-Level Fault Injection,K0596,1,Poster/paper,L1,A,RAS / Reliability / ECC,"Sensitivity of random fault-injection conclusions to campaign size and input problem; LLVM FlipIt tests across seven NAS benchmarks and 1,000–10,000 injections.","Campaign manifest, convergence checks, repetitions and confidence requirements.",A single injection count or workload is not a universal statistical rule.,Drive ID 1kITCVLPu9va66vKkqy7l9Bq5dTGp0Sot
A-CAN-059,"Coding Theory: Algorithms, Architectures, and Applications",K0211,1,Book,L1,A,RAS / Reliability / ECC,"Linear block codes, generator/parity-check matrices and syndrome; cyclic/BCH/Reed-Solomon codes; convolutional/Viterbi, LDPC, turbo codes; algorithms and implementation concerns.","Reusable ECC encoder/decoder interfaces and algorithm references for memory, cache, links and storage.",Communication-channel examples are broader than ArchLab memory RAS; code choice must follow component geometry and fault model.,Drive ID 1wdqA-FySHrUMumezOsm1Qyw69GSEwDCY
A-CAN-060,DRAM Errors in the Wild: A Large-Scale Field Study,K0101,1,Paper,L1,S,RAS / Reliability / ECC,"Large production-fleet DRAM field data over 2.5 years; CE/UE incidence, hard-versus-soft behavior, DIMM technology/age/temperature/utilization factors, SECDED/Chipkill context and memory scrubbing.","Primary empirical basis for DRAM fault distributions, persistent-fault modeling, CE history, scrub and retirement experiments.","2006–2008 fleet and older DDR generations; use qualitative distributions and methodology, then calibrate modern systems separately.",Drive ID 1i0Dz6j4muscxG-7WGiDKl9a8XVypCKIC
R-ERROR-CONTROL-CODING-001,"Error Control Coding, Second Edition",K0212,1,Book,L1,A,RAS / Reliability / ECC,"Linear block codes, Hamming SEC/SECDED, cyclic/BCH/Reed-Solomon, errors and erasures, convolutional/Viterbi and advanced iterative codes with encoding/decoding implementation.","Canonical coding algorithms, syndrome generation and test-vector construction.",The full text is communications-oriented and much broader than the initial memory-ECC subset.,Drive ID 1WbroQy5uQhmwtdol_gMnZxIQFkIlMd0F
R-CPU-GPU-FAULT-DETECTION-001,Evaluating the Viability of Application-Driven Cooperative CPU/GPU Fault Detection,K0617,1,Paper,L1,A,RAS / Reliability / ECC,"Selective data protection for GPU global memory, CPU/GPU cooperative detection, single- and multi-bit injection and application-semantic vulnerability analysis.","Heterogeneous RAS policy, CPU/GPU cooperation and accelerator-memory fault campaigns.",Application-specific study on one workload; detection coverage and overhead are not general GPU guarantees.,Drive ID 1yEMCkKAplnMcJSXKqlVQINhAJBwwNm-r
A-CAN-061,Fault-Tolerance Techniques for SRAM-Based FPGAs,K0086,1,Book,L1,A,RAS / Reliability / ECC,"Radiation and SEU effects, EDAC, TMR, architectural and high-level mitigation, scrubbing, bitstream fault injection, golden-chip methodology, area/performance/coverage evaluation.","RTL/FPGA co-simulation fault injection, TMR/scrub state machines and coverage methodology.",Focuses SRAM FPGA/radiation and older device families; do not generalize directly to CPU/DRAM field failures.,Drive ID 1p1h1R_jxjEP7IpZDW9Y8-x2HHZW-0MHK
A-FAULT-TOL-ARCH,Fault Tolerant Computer Architecture,K0091;K0393,2,Synthesis lecture/book,L1,S,RAS / Reliability / ECC,"Fault-error-failure chain, masking and AVF; transient/permanent/intermittent models; error detection, forward/backward recovery, diagnosis and self-repair across cores, caches, memory, coherence and interconnects.",Primary architectural RAS decomposition and fault/recovery state-machine reference.,2009 survey; mechanisms and examples need current implementation-specific validation.,Drive IDs 1UnNAZgg3qbDB9T2FT5oG32a3xg8gpAwN;1lg6uMUFjvzroWxC_fBk-XxQ4PAw6gdJh
A-CAN-062,"Fault-Tolerant Systems, Second Edition",K0098,1,Book,L1,S,RAS / Reliability / ECC,"Fault classification, reliability/availability/MTTF and Markov analysis; hardware and information redundancy, coding, RAID/replication/ABFT, resilient networks, software fault tolerance, recovery and distributed-system techniques.",Primary system-level dependability taxonomy and analytical/recovery reference.,Very broad; ArchLab should extract only mechanisms tied to modeled components and explicit experiments.,Drive ID 1A0bNiH9g6TrAqGkuEIDzyEcvG8FkyIjl
A-FUND-ECC,Fundamentals of Error-Correcting Codes,K0209;K0335,2,Book,L1,A,RAS / Reliability / ECC,"Mathematical foundation of linear codes, distance and bounds; finite fields; cyclic/BCH/Reed-Solomon; burst errors/interleaving; convolutional, soft-decision, LDPC and turbo codes.",Mathematical reference and independent validation of code capabilities and decoder behavior.,Theory-heavy; not the first implementation guide for simulator components.,Drive IDs 1Yn1GJVX64uK9MbLjUt7RKRyTKRU7GR6Z;1oPvsRRI68TJIUH9XguiJb0VCBQNshgwX
A-CAN-063,Design and Analysis of an Adjacent Multi-bit Error Correcting Code for Nanoscale SRAMs,K0207,1,PhD thesis,L1,A,RAS / Reliability / ECC,"Adjacent multi-bit upset model for nanoscale SRAM, SECDED/BCH/RS comparisons, parity-check construction, encoder/decoder area and delay, corrected-SER modeling and neutron irradiation validation.","Spatial/burst fault geometry, adjacent-bit ECC and SRAM implementation tradeoff experiments.",SRAM-specific proposed code and technology assumptions; not a DRAM Chipkill specification.,Drive ID 1A9BxB4L51Ldrai4MqwuQdMz0pqE-9Ezp
A-CAN-064,"The Art of Error Correcting Coding, Second Edition",K0214,1,Book,L1,A,RAS / Reliability / ECC,"Practical introduction to Hamming/Golay/Reed-Muller, cyclic/BCH/Reed-Solomon, convolutional/Viterbi, product/concatenated, soft-decision and modern coding techniques.",Concise coding-algorithm cross-reference and exercises/test vectors.,Communications focus; use as supporting source rather than component-level RAS contract.,Drive ID 1aL2JlaD9SsO27JyCjLZagfUWiX6dP0qB
